threads,size,init_time,mul_time
1,20000,5.61179,1.27956
2,20000,5.46544,0.607131
4,20000,5.45128,0.346241
7,20000,5.58613,0.189911
8,20000,5.59094,0.097221
16,20000,5.45607,0.116488
20,20000,5.60517,0.0870931
40,20000,5.5414,0.0571611
1,40000,22.6502,2.63691
2,40000,22.6331,1.41594
4,40000,22.4733,0.95347
7,40000,22.0804,0.778059
8,40000,22.6445,0.424747
16,40000,27.1623,0.721477
20,40000,22.0904,0.340792
40,40000,22.6387,0.200965
